run_id,run_name,loss_type,lr,margin,scale,k,eer_final,eer_epoch1,eer_drop,eer_stability,diverged,n_epochs
iids1f9e,RVL-CDIP_InternVL3-2B_subcenter_arcface_20260221-155412,subcenter_arcface,1.2157708143666018e-05,0.5667628839840665,32.0,1,0.3810797046091164,0.3810797046091164,0.0,0.0181236428571971,True,3
opebdhx9,RVL-CDIP_InternVL3-2B_subcenter_arcface_20260221-165509,subcenter_arcface,8.370863552907608e-05,0.5399759911552094,32.0,1,0.40718105423987777,0.40718105423987777,0.0,0.02942734685558844,True,3
cehketup,RVL-CDIP_InternVL3-2B_subcenter_arcface_20260221-175557,subcenter_arcface,1.3337165286836895e-05,0.29867760466094684,32.0,1,0.32900432900432897,0.40718105423987777,0.0781767252355488,0.0324973940245495,False,3
i9pqzao3,RVL-CDIP_InternVL3-2B_subcenter_arcface_20260221-185701,subcenter_arcface,3.871022909858936e-05,0.341986322531729,32.0,1,0.31920040743570155,0.3680926916221034,0.048892284186401846,0.02230874540177613,False,3
upatmdqy,RVL-CDIP_InternVL3-2B_subcenter_arcface_20260221-195800,subcenter_arcface,3.724633292745776e-05,0.28578553052529276,32.0,1,0.29322638146167557,0.3745861981156099,0.08135981665393432,0.033223478452630475,False,3
2e0agpsb,RVL-CDIP_InternVL3-2B_subcenter_arcface_20260221-205900,subcenter_arcface,1.616161712458029e-05,0.37112103621973136,32.0,1,0.34199134199134196,0.41367456073338427,0.07168321874204231,0.02942734685558846,False,3
ym32stog,RVL-CDIP_InternVL3-2B_subcenter_arcface_20260221-220016,subcenter_arcface,2.3616219396780004e-06,0.21933225379575308,32.0,1,0.3680926916221034,0.3680926916221034,0.0,0.007682681265756549,False,3
4klyv9r4,RVL-CDIP_InternVL3-2B_subcenter_arcface_20260221-230108,subcenter_arcface,0.0003638007715366325,0.2568907872806627,32.0,1,0.4462694168576522,0.491851285968933,0.045581869111280815,0.030804490430736936,False,3
hxfggcjp,RVL-CDIP_InternVL3-2B_subcenter_arcface_20260222-000218,subcenter_arcface,2.8078656776446215e-05,0.3405702288128847,32.0,1,0.3517952635599695,0.3680926916221034,0.016297428062133912,0.007682681265756549,False,3
c1d15k9g,RVL-CDIP_InternVL3-2B_subcenter_arcface_20260222-010323,subcenter_arcface,1.4419291476230612e-05,0.21510024804826025,32.0,1,0.31920040743570155,0.41367456073338427,0.09447415329768272,0.03857680345889494,False,3
l9jbd5ea,RVL-CDIP_InternVL3-2B_subcenter_arcface_20260222-020441,subcenter_arcface,9.590487382226274e-06,0.284588099909583,32.0,1,0.3517952635599695,0.39088362617774386,0.039088362617774375,0.023240510758438034,False,3
cbbcehaf,RVL-CDIP_InternVL3-2B_subcenter_arcface_20260222-030537,subcenter_arcface,1.29085880461141e-05,0.15990815449712517,32.0,1,0.32900432900432897,0.39088362617774386,0.06187929717341489,0.03270249456571255,False,3
emkxhcg0,RVL-CDIP_InternVL3-2B_subcenter_arcface_20260222-040635,subcenter_arcface,2.6990374195950736e-05,0.3660258008077575,32.0,1,0.3680926916221034,0.3745861981156099,0.006493506493506496,0.003061068316824882,False,3
7zgbnbgm,RVL-CDIP_InternVL3-2B_subcenter_arcface_20260222-050741,subcenter_arcface,0.00016278388419940556,0.5592654233165844,32.0,1,0.42997198879551823,0.45276292335115864,0.022790934555640407,0.022728927121670385,True,3
acacvgfj,RVL-CDIP_InternVL3-2B_subcenter_arcface_20260222-060836,subcenter_arcface,0.0004506570096127068,0.1585669844545475,32.0,1,0.446524064171123,0.491851285968933,0.04532722179781001,0.02326746688465952,True,3
vfap7kz4,RVL-CDIP_InternVL3-2B_subcenter_arcface_20260222-070940,subcenter_arcface,2.2521805479641218e-05,0.5995971879141353,32.0,2,0.3582887700534759,0.3582887700534759,0.0,0.01330679429064796,True,3
wsina6d8,RVL-CDIP_InternVL3-2B_subcenter_arcface_20260222-081030,subcenter_arcface,8.985687041440005e-06,0.46757267940149305,32.0,2,0.3843901196842373,0.4006875477463713,0.016297428062133967,0.009587019499424611,False,3
3sd2qbhh,RVL-CDIP_InternVL3-2B_subcenter_arcface_20260222-091122,subcenter_arcface,2.1478044298911963e-06,0.5027315900125866,32.0,2,0.3745861981156099,0.39088362617774386,0.016297428062133967,0.0066989938394213045,False,3
ityvh5pe,RVL-CDIP_InternVL3-2B_subcenter_arcface_20260222-101230,subcenter_arcface,2.926051690573005e-05,0.5981333908335975,32.0,2,0.3680926916221034,0.3843901196842373,0.016297428062133912,0.006698993839421284,False,3
js6a0g7w,RVL-CDIP_InternVL3-2B_subcenter_arcface_20260222-111343,subcenter_arcface,0.00018469033216684725,0.5851471082581957,32.0,2,0.4625668449197861,0.4625668449197861,0.0,0.021483223504690292,True,3
lpmye83i,RVL-CDIP_InternVL3-2B_subcenter_arcface_20260222-121446,subcenter_arcface,7.003217079549395e-06,0.5642087253123069,32.0,2,0.3973771326712503,0.3973771326712503,0.0,0.007682681265756575,True,3
2zft0htg,RVL-CDIP_InternVL3-2B_subcenter_arcface_20260222-131537,subcenter_arcface,2.952291753873779e-06,0.4296839820693563,32.0,2,0.3745861981156099,0.3745861981156099,0.0,0.009587019499424592,True,3
gf0ybgog,RVL-CDIP_InternVL3-2B_subcenter_arcface_20260222-141636,subcenter_arcface,1.2552126912817843e-05,0.3725485287600312,32.0,2,0.3745861981156099,0.3973771326712503,0.022790934555640407,0.009334559933495204,False,3
8krisktl,RVL-CDIP_InternVL3-2B_subcenter_arcface_20260222-151742,subcenter_arcface,6.052084348028972e-06,0.2672475574226718,32.0,2,0.39088362617774386,0.39088362617774386,0.0,0.010743749582581431,True,3
ahvxg2dz,RVL-CDIP_InternVL3-2B_subcenter_arcface_20260222-161842,subcenter_arcface,2.3489946319947803e-05,0.434120284884832,32.0,2,0.3615991851285969,0.3745861981156099,0.012987012987012991,0.019174038998849195,True,3
ck0tt4fx,RVL-CDIP_InternVL3-2B_subcenter_arcface_20260222-171944,subcenter_arcface,1.0155896801010982e-06,0.4518836333773205,32.0,2,0.3745861981156099,0.39088362617774386,0.016297428062133967,0.007682681265756575,False,3
pxmxoiy8,RVL-CDIP_InternVL3-2B_subcenter_arcface_20260222-182101,subcenter_arcface,1.0523615366904935e-06,0.4966108566086165,32.0,2,0.3745861981156099,0.39088362617774386,0.016297428062133967,0.007682681265756575,False,3
5qrqlkeq,RVL-CDIP_InternVL3-2B_subcenter_arcface_20260222-192213,subcenter_arcface,0.0009449462724047008,0.1087892933341474,32.0,2,0.4766997708174179,0.4766997708174179,0.0,0.019623912771594382,True,3
c6vxieba,RVL-CDIP_InternVL3-2B_subcenter_arcface_20260222-202307,subcenter_arcface,1.0164363942453636e-06,0.5836764702154141,32.0,2,0.3745861981156099,0.39088362617774386,0.016297428062133967,0.007682681265756575,False,3
ik0muizu,RVL-CDIP_InternVL3-2B_subcenter_arcface_20260222-212413,subcenter_arcface,1.0088104520637411e-06,0.5504388851944226,32.0,2,0.3745861981156099,0.39088362617774386,0.016297428062133967,0.007682681265756575,False,3
12d0ai6i,RVL-CDIP_InternVL3-2B_subcenter_arcface_20260222-222512,subcenter_arcface,7.03025907498748e-05,0.46816390171321687,32.0,3,0.39088362617774386,0.39088362617774386,0.0,0.013654336803151208,True,3
0junsqpj,RVL-CDIP_InternVL3-2B_subcenter_arcface_20260222-232615,subcenter_arcface,4.56582285933409e-06,0.17828594915591825,32.0,3,0.3810797046091164,0.4006875477463713,0.019607843137254888,0.008004868440467897,False,3
aiih1ldd,RVL-CDIP_InternVL3-2B_subcenter_arcface_20260223-002706,subcenter_arcface,8.308023356463378e-05,0.3292350126435801,32.0,3,0.39088362617774386,0.39088362617774386,0.0,0.03685286169667601,True,3
0irebjgo,RVL-CDIP_InternVL3-2B_subcenter_arcface_20260223-012732,subcenter_arcface,6.53239318195559e-05,0.45232870928312074,32.0,3,0.40718105423987777,0.40718105423987777,0.0,0.01625437736259484,True,3
2c90dat4,RVL-CDIP_InternVL3-2B_subcenter_arcface_20260223-022801,subcenter_arcface,2.0138075843393156e-06,0.25359651611789424,32.0,3,0.3712757830404889,0.39088362617774386,0.019607843137254943,0.012227638518869096,False,3
sajdzg6w,RVL-CDIP_InternVL3-2B_subcenter_arcface_20260223-032829,subcenter_arcface,0.0007357523990136432,0.4536388041683904,32.0,3,0.44843391902215435,0.5277565571683219,0.07932263814616758,0.03718475714703482,False,3
olqkvril,RVL-CDIP_InternVL3-2B_subcenter_arcface_20260223-042855,subcenter_arcface,4.621613295369066e-05,0.2627820997829502,32.0,3,0.3745861981156099,0.3745861981156099,0.0,0.015365362531513122,True,3
kr753kxd,RVL-CDIP_InternVL3-2B_subcenter_arcface_20260223-052922,subcenter_arcface,0.00013929994837501742,0.5152671513300716,32.0,3,0.37789661319073087,0.37789661319073087,0.0,0.030700758592927473,True,3
nhfoec3z,RVL-CDIP_InternVL3-2B_subcenter_arcface_20260223-062947,subcenter_arcface,2.6462538317388612e-06,0.24220572503030072,32.0,3,0.3712757830404889,0.39088362617774386,0.019607843137254943,0.014679018184838175,True,3
dj4bpp67,RVL-CDIP_InternVL3-2B_subcenter_arcface_20260223-073013,subcenter_arcface,7.393788704346686e-06,0.4065741686780984,32.0,3,0.3810797046091164,0.3810797046091164,0.0,0.004072145935425183,True,3
5fnryaf2,RVL-CDIP_InternVL3-2B_subcenter_arcface_20260223-083038,subcenter_arcface,0.0008692803930019286,0.4777595303097007,32.0,3,0.41367456073338427,0.4755538579067991,0.06187929717341484,0.04789773139740549,True,3
4n09lnew,RVL-CDIP_InternVL3-2B_subcenter_arcface_20260223-093103,subcenter_arcface,0.00010009517688691323,0.2065764596849717,32.0,3,0.3517952635599695,0.3517952635599695,0.0,0.06984646183726703,True,3
rua1dtex,RVL-CDIP_InternVL3-2B_subcenter_arcface_20260223-103131,subcenter_arcface,0.0005159669407596889,0.2007849880641172,32.0,3,0.491851285968933,0.491851285968933,0.0,0.010743749582581431,True,3
cd5jdfq4,RVL-CDIP_InternVL3-2B_subcenter_arcface_20260223-113156,subcenter_arcface,6.407887163692072e-06,0.5794315447146265,32.0,3,0.3712757830404889,0.3712757830404889,0.0,0.010655873625364524,True,3
2an65xhz,RVL-CDIP_InternVL3-2B_subcenter_arcface_20260223-123223,subcenter_arcface,1.356558953909184e-06,0.1827930748664849,32.0,3,0.39088362617774386,0.39088362617774386,0.0,0.0046216129489316665,True,3
4eucsih4,RVL-CDIP_InternVL3-2B_subcenter_cosface_20260223-133259,subcenter_cosface,2.445773203467881e-06,0.21763876032250165,32.0,1,0.3680926916221034,0.3680926916221034,0.0,0.007682681265756549,False,3
rb3i8nl5,RVL-CDIP_InternVL3-2B_subcenter_cosface_20260223-143337,subcenter_cosface,4.239174709135803e-05,0.35237351014104557,32.0,1,0.31270690094219505,0.3388082505729565,0.02610134963076144,0.01625437736259484,True,3
ofz2pexp,RVL-CDIP_InternVL3-2B_subcenter_cosface_20260223-153428,subcenter_cosface,3.4866313555917506e-05,0.35708681554288924,32.0,1,0.32569391392920805,0.3745861981156099,0.048892284186401846,0.021119954816940043,False,3
ej41sw38,RVL-CDIP_InternVL3-2B_subcenter_cosface_20260223-163506,subcenter_cosface,0.0009726688878172208,0.5890917076506662,32.0,1,0.4567099567099567,0.4949070537305832,0.038197097020626514,0.022882154739131504,True,3
rw7fm7hv,RVL-CDIP_InternVL3-2B_subcenter_cosface_20260223-173542,subcenter_cosface,1.2786762892968236e-05,0.3666602604024932,32.0,1,0.3615991851285969,0.3810797046091164,0.019480519480519487,0.008098825512497711,False,3
lqz1wrdd,RVL-CDIP_InternVL3-2B_subcenter_cosface_20260223-183620,subcenter_cosface,3.028625814849734e-05,0.414681950942171,32.0,1,0.3354978354978355,0.3517952635599695,0.016297428062133967,0.013306794290647938,True,3
rdzmxy5r,RVL-CDIP_InternVL3-2B_subcenter_cosface_20260223-193655,subcenter_cosface,2.0050211087486303e-05,0.30291378839180017,32.0,1,0.31270690094219505,0.3810797046091164,0.06837280366692133,0.028008567857740634,False,3
y9oa9q8r,RVL-CDIP_InternVL3-2B_subcenter_cosface_20260223-203729,subcenter_cosface,2.252560119029528e-05,0.23274206785899668,32.0,1,0.3388082505729565,0.3810797046091164,0.042271454036159894,0.01767960790231686,False,3
0lwp7hhz,RVL-CDIP_InternVL3-2B_subcenter_cosface_20260223-213803,subcenter_cosface,0.00014789974827188548,0.10492207161284908,32.0,1,0.40387063916475685,0.40387063916475685,0.0,0.024721126567244976,True,3
wmepgh2q,RVL-CDIP_InternVL3-2B_subcenter_cosface_20260223-223835,subcenter_cosface,1.2756989585335532e-05,0.27347979714630344,32.0,1,0.3517952635599695,0.3810797046091164,0.029284441049146903,0.012557294524881876,False,3
lm65kg8n,RVL-CDIP_InternVL3-2B_subcenter_cosface_20260223-233924,subcenter_cosface,2.8257489708579003e-05,0.29995532214195386,32.0,1,0.3354978354978355,0.34530175706646293,0.009803921568627416,0.0046216129489316665,False,3
n4kn2de5,RVL-CDIP_InternVL3-2B_subcenter_cosface_20260224-003959,subcenter_cosface,2.2469982039867212e-05,0.33076938966643465,32.0,1,0.3517952635599695,0.3810797046091164,0.029284441049146903,0.013804817899406314,False,3
jk2oizcr,RVL-CDIP_InternVL3-2B_subcenter_cosface_20260224-014033,subcenter_cosface,2.5991229831826113e-05,0.36631639467162513,32.0,1,0.32900432900432897,0.3745861981156099,0.045581869111280926,0.021487499165162915,False,3
0r6hkupv,RVL-CDIP_InternVL3-2B_subcenter_cosface_20260224-024107,subcenter_cosface,3.488035855117408e-06,0.4938447068180076,32.0,1,0.3680926916221034,0.3680926916221034,0.0,0.0,False,3
2lw7e87h,RVL-CDIP_InternVL3-2B_subcenter_cosface_20260224-034138,subcenter_cosface,2.751435869798483e-06,0.3862445723337149,32.0,1,0.3680926916221034,0.3680926916221034,0.0,0.007682681265756549,False,3
4fisol5y,RVL-CDIP_InternVL3-2B_subcenter_cosface_20260224-044220,subcenter_cosface,1.2312703306373457e-05,0.1804916631985108,32.0,2,0.3745861981156099,0.39088362617774386,0.016297428062133967,0.007682681265756575,False,3
qt3scodf,RVL-CDIP_InternVL3-2B_subcenter_cosface_20260224-054247,subcenter_cosface,2.197640913791071e-05,0.30256115145561924,32.0,2,0.3680926916221034,0.3745861981156099,0.006493506493506496,0.00958701949942461,True,3
uldisvz5,RVL-CDIP_InternVL3-2B_subcenter_cosface_20260224-064316,subcenter_cosface,0.0003782197167692024,0.3660514839293525,32.0,2,0.42016806722689076,0.42016806722689076,0.0,0.03728228577435728,True,3
7cs7rir8,RVL-CDIP_InternVL3-2B_subcenter_cosface_20260224-074343,subcenter_cosface,9.021764588733074e-06,0.2474489875528558,32.0,2,0.39088362617774386,0.4006875477463713,0.009803921568627416,0.004072145935425153,False,3
z66p82n4,RVL-CDIP_InternVL3-2B_subcenter_cosface_20260224-084410,subcenter_cosface,2.7882133070291573e-06,0.3947369328383604,32.0,2,0.3745861981156099,0.3745861981156099,0.0,0.0066989938394213045,True,3
7ir0k6ii,RVL-CDIP_InternVL3-2B_subcenter_cosface_20260224-094439,subcenter_cosface,1.0082404543226757e-06,0.11481901533597907,32.0,2,0.3745861981156099,0.39088362617774386,0.016297428062133967,0.007682681265756575,False,3
23dsqros,RVL-CDIP_InternVL3-2B_subcenter_cosface_20260224-104507,subcenter_cosface,1.0686460550624773e-06,0.2200181407479952,32.0,2,0.3745861981156099,0.39088362617774386,0.016297428062133967,0.007682681265756575,False,3
zyb1pzbw,RVL-CDIP_InternVL3-2B_subcenter_cosface_20260224-114537,subcenter_cosface,1.0194283788755832e-06,0.5949694638226869,32.0,2,0.3745861981156099,0.39088362617774386,0.016297428062133967,0.007682681265756575,False,3
802n8avm,RVL-CDIP_InternVL3-2B_subcenter_cosface_20260224-124607,subcenter_cosface,4.578379446690841e-06,0.597931343918912,32.0,2,0.3745861981156099,0.3745861981156099,0.0,0.009587019499424592,True,3
bshwlejy,RVL-CDIP_InternVL3-2B_subcenter_cosface_20260224-134639,subcenter_cosface,1.0058586928983829e-06,0.5086312657313713,32.0,2,0.3745861981156099,0.39088362617774386,0.016297428062133967,0.007682681265756575,False,3
qo7anp27,RVL-CDIP_InternVL3-2B_subcenter_cosface_20260224-144713,subcenter_cosface,1.1541756953912512e-06,0.17221507345990186,32.0,2,0.3745861981156099,0.39088362617774386,0.016297428062133967,0.007682681265756575,False,3
s6b4p6t4,RVL-CDIP_InternVL3-2B_subcenter_cosface_20260224-154744,subcenter_cosface,1.00423809187648e-06,0.33089396835040297,32.0,2,0.3745861981156099,0.39088362617774386,0.016297428062133967,0.007682681265756575,False,3
gqhhg9eu,RVL-CDIP_InternVL3-2B_subcenter_cosface_20260224-164835,subcenter_cosface,1.010074236054053e-06,0.27875875499905944,32.0,2,0.3745861981156099,0.39088362617774386,0.016297428062133967,0.007682681265756575,False,3
p35zl9nk,RVL-CDIP_InternVL3-2B_subcenter_cosface_20260224-174921,subcenter_cosface,2.2099297496005934e-06,0.10344814167117104,32.0,2,0.3745861981156099,0.3745861981156099,0.0,0.007682681265756575,True,3
gvz6fdmt,RVL-CDIP_InternVL3-2B_subcenter_cosface_20260224-184957,subcenter_cosface,1.012219162787162e-06,0.18527830191500735,32.0,2,0.3745861981156099,0.39088362617774386,0.016297428062133967,0.007682681265756575,False,3
bzpd40il,RVL-CDIP_InternVL3-2B_subcenter_cosface_20260224-195101,subcenter_cosface,0.0009112404171975582,0.23254133464437873,32.0,3,0.4126559714795009,0.4256429844665139,0.012987012987012991,0.060194876172510965,True,3
8b1dzmoa,RVL-CDIP_InternVL3-2B_subcenter_cosface_20260224-205139,subcenter_cosface,3.292638190586596e-05,0.30759451655050263,32.0,3,0.3680926916221034,0.3680926916221034,0.0,0.026641999795570293,True,3
fpgdyesy,RVL-CDIP_InternVL3-2B_subcenter_cosface_20260224-215224,subcenter_cosface,3.3433429178863967e-05,0.30732092999311333,32.0,3,0.3680926916221034,0.3680926916221034,0.0,0.02776648430211346,True,3
0yx1kmnl,RVL-CDIP_InternVL3-2B_subcenter_cosface_20260224-225253,subcenter_cosface,1.9138678465724783e-05,0.45378746268310965,32.0,3,0.3680926916221034,0.3680926916221034,0.0,0.003061068316824882,True,3
471o04kr,RVL-CDIP_InternVL3-2B_subcenter_cosface_20260224-235334,subcenter_cosface,1.1976135377330945e-05,0.5592874464808715,32.0,3,0.34530175706646293,0.40718105423987777,0.06187929717341484,0.025274164569110823,False,3
xghg89zz,RVL-CDIP_InternVL3-2B_subcenter_cosface_20260225-005423,subcenter_cosface,2.364990112080989e-06,0.5961733916499191,32.0,3,0.3810797046091164,0.39088362617774386,0.009803921568627472,0.008004868440467897,False,3
rek64tyb,RVL-CDIP_InternVL3-2B_subcenter_cosface_20260225-015452,subcenter_cosface,4.818647877114799e-05,0.598297043408674,32.0,3,0.39088362617774386,0.42016806722689076,0.029284441049146903,0.0188588070810411,True,3
l9px3le1,RVL-CDIP_InternVL3-2B_subcenter_cosface_20260225-025536,subcenter_cosface,7.7482641174439e-06,0.5275738001351895,32.0,3,0.3810797046091164,0.3810797046091164,0.0,0.004072145935425183,True,3
fmlvts23,RVL-CDIP_InternVL3-2B_subcenter_cosface_20260225-035604,subcenter_cosface,9.430373800119814e-06,0.5907756616302928,32.0,3,0.3680926916221034,0.41367456073338427,0.04558186911128087,0.020132264073145466,False,3
fsjjlbpm,RVL-CDIP_InternVL3-2B_subcenter_cosface_20260225-045650,subcenter_cosface,1.6978589377381805e-05,0.5366259223106435,32.0,3,0.32900432900432897,0.3843901196842373,0.05538579067990834,0.022623598174734944,False,3
lgddqu2a,RVL-CDIP_InternVL3-2B_subcenter_cosface_20260225-055733,subcenter_cosface,1.1343802213119114e-06,0.10546374692128492,32.0,3,0.39088362617774386,0.39088362617774386,0.0,0.0046216129489316665,True,3
vfvto36i,RVL-CDIP_InternVL3-2B_subcenter_cosface_20260225-065802,subcenter_cosface,2.2698171772920047e-05,0.5169175311084949,32.0,3,0.3680926916221034,0.3680926916221034,0.0,0.012557294524881885,True,3
mljwraec,RVL-CDIP_InternVL3-2B_subcenter_cosface_20260225-075830,subcenter_cosface,2.759943269662309e-06,0.4430520005676471,32.0,3,0.3712757830404889,0.39088362617774386,0.019607843137254943,0.011095111994946512,True,3
kic949kr,RVL-CDIP_InternVL3-2B_subcenter_cosface_20260225-085915,subcenter_cosface,2.134025667935869e-06,0.5568412163270834,32.0,3,0.3712757830404889,0.39088362617774386,0.019607843137254943,0.012227638518869096,False,3
c68dgvf9,RVL-CDIP_InternVL3-2B_subcenter_cosface_20260225-095942,subcenter_cosface,1.3419506311468848e-06,0.2716696288168816,32.0,3,0.39088362617774386,0.39088362617774386,0.0,0.0,False,2
ytkurmpd,RVL-CDIP_InternVL3-2B_circle_20260228-162408,circle,6.868401927396767e-05,0.2335062525403988,252.5397205999718,3,0.3810797046091164,0.3810797046091164,0.0,0.02610911211409458,True,3
z47shvyc,RVL-CDIP_InternVL3-2B_circle_20260228-152317,circle,5.339349701236759e-05,0.34069672884990565,228.6526074642011,3,0.3615991851285969,0.3615991851285969,0.0,0.04026452814629093,True,3
bfvdwick,RVL-CDIP_InternVL3-2B_circle_20260228-172442,circle,4.05799780529939e-06,0.1239211391269902,181.8184936389395,3,0.3745861981156099,0.3745861981156099,0.0,0.007682681265756575,True,3
t4jbbxdz,RVL-CDIP_InternVL3-2B_circle_20260228-182530,circle,4.663267527226978e-06,0.10490631888959703,153.7769051515783,3,0.3745861981156099,0.3745861981156099,0.0,0.007682681265756575,True,3
7rehqk7x,RVL-CDIP_InternVL3-2B_circle_20260228-192609,circle,1.1729000041167373e-06,0.10199775011655143,183.4638572188914,3,0.3745861981156099,0.3745861981156099,0.0,5.551115123125783e-17,False,3
6a19qbqq,RVL-CDIP_InternVL3-2B_circle_20260228-202707,circle,1.075456150990277e-06,0.10979621017810598,239.2199729726804,3,0.3745861981156099,0.3745861981156099,0.0,5.551115123125783e-17,False,3
tz4ecwlk,RVL-CDIP_InternVL3-2B_circle_20260228-212746,circle,1.6370617371553244e-06,0.1285649040934697,41.96791821108155,3,0.3745861981156099,0.3745861981156099,0.0,5.551115123125783e-17,False,3
j5kkajwk,RVL-CDIP_InternVL3-2B_circle_20260228-222828,circle,1.3786788024664164e-06,0.1074504668538048,69.62063504407763,3,0.3745861981156099,0.3745861981156099,0.0,5.551115123125783e-17,False,3
46jlnwaz,RVL-CDIP_InternVL3-2B_circle_20260228-232904,circle,1.0121525944175036e-06,0.21559069235317785,37.65478062677363,3,0.3680926916221034,0.3745861981156099,0.006493506493506496,0.003061068316824882,False,3
96bqcnyj,RVL-CDIP_InternVL3-2B_circle_20260301-003258,circle,1.250915788800128e-06,0.39575625024450256,52.26764928595116,3,0.3680926916221034,0.3745861981156099,0.006493506493506496,0.003061068316824882,False,3
e7i9b173,RVL-CDIP_InternVL3-2B_circle_20260301-013614,circle,1.0320805052547108e-06,0.30175501651724435,32.377243838806166,3,0.3680926916221034,0.3745861981156099,0.006493506493506496,0.003061068316824882,False,3
fufaxllg,RVL-CDIP_InternVL3-2B_circle_20260301-023643,circle,1.5065267891957334e-06,0.3785698338920532,32.01498844597425,3,0.3680926916221034,0.3745861981156099,0.006493506493506496,0.003061068316824882,False,3
nydl5wua,RVL-CDIP_InternVL3-2B_circle_20260301-033719,circle,1.1096920359818475e-06,0.3354989439025967,75.56665085448691,3,0.3680926916221034,0.3745861981156099,0.006493506493506496,0.003061068316824882,False,3
rell2bxh,RVL-CDIP_InternVL3-2B_circle_20260301-043745,circle,1.0354461743323563e-06,0.389256254773813,97.20071998838634,3,0.3745861981156099,0.3745861981156099,0.0,5.551115123125783e-17,False,3
hmb2bw8f,RVL-CDIP_InternVL3-2B_circle_20260301-053817,circle,1.026223432259393e-06,0.2687914461545067,71.75233876789284,3,0.3680926916221034,0.3745861981156099,0.006493506493506496,0.003061068316824882,False,3
67hi6gnb,RVL-CDIP_InternVL3-2B_contrastive_20260301-063918,contrastive,6.746805177118571e-06,0.4822320817561628,64.0,3,0.3973771326712503,0.3973771326712503,0.0,0.007682681265756575,False,3
0kz6hh3q,RVL-CDIP_InternVL3-2B_contrastive_20260301-073940,contrastive,2.9353544451906785e-05,0.8877361290151454,64.0,3,0.3745861981156099,0.42997198879551823,0.05538579067990834,0.02536486940980443,False,3
8plxicvc,RVL-CDIP_InternVL3-2B_contrastive_20260301-084007,contrastive,3.073021417294053e-05,0.8794354892238836,64.0,3,0.3680926916221034,0.42997198879551823,0.06187929717341484,0.02715594684447439,False,3
qs3g6mpo,RVL-CDIP_InternVL3-2B_contrastive_20260301-094028,contrastive,0.00011680308780608326,0.9932953118450172,64.0,3,0.34199134199134196,0.34199134199134196,0.0,0.027766484302113474,True,3
j1op7o9f,RVL-CDIP_InternVL3-2B_contrastive_20260301-104100,contrastive,1.4702650912700338e-05,0.8468184854016791,64.0,3,0.3680926916221034,0.4560733384262796,0.08798064680417622,0.040031812175753405,False,3
pf0r4qli,RVL-CDIP_InternVL3-2B_contrastive_20260301-114138,contrastive,7.526465042718713e-06,0.8623287614074973,64.0,3,0.3517952635599695,0.3843901196842373,0.032594856124267824,0.01917403899884917,False,3
sc5293c0,RVL-CDIP_InternVL3-2B_contrastive_20260301-124217,contrastive,4.037395315164113e-06,0.9015556372149718,64.0,3,0.3517952635599695,0.3745861981156099,0.022790934555640407,0.01365433680315119,False,3
jnhkebcp,RVL-CDIP_InternVL3-2B_contrastive_20260301-134259,contrastive,4.984737867074893e-06,0.848475858994083,64.0,3,0.3647822765469825,0.3647822765469825,0.0,0.011602997689468594,True,3
dt98szso,RVL-CDIP_InternVL3-2B_contrastive_20260301-144333,contrastive,2.340716974485843e-06,0.5394401863829694,64.0,3,0.39088362617774386,0.4006875477463713,0.009803921568627416,0.0046216129489316665,False,3
sun3u1kd,RVL-CDIP_InternVL3-2B_contrastive_20260301-154405,contrastive,0.00015236226565780586,0.4067197360823802,64.0,3,0.3582887700534759,0.3582887700534759,0.0,0.033488031252866014,True,3
g1lmh07w,RVL-CDIP_InternVL3-2B_contrastive_20260301-164443,contrastive,6.939527778554113e-06,0.9541291735353066,64.0,3,0.3354978354978355,0.3517952635599695,0.016297428062133967,0.01076518819627763,False,3
hnkytf8b,RVL-CDIP_InternVL3-2B_contrastive_20260301-174518,contrastive,4.871738856049808e-06,0.9880354202924349,64.0,3,0.32900432900432897,0.40399796282149225,0.07499363381716329,0.03062521420359205,False,3
qc59xlag,RVL-CDIP_InternVL3-2B_contrastive_20260301-184603,contrastive,2.8990537819559227e-06,0.9965409819753596,64.0,3,0.3354978354978355,0.3745861981156099,0.039088362617774375,0.018426430848338005,False,3
wset74gl,RVL-CDIP_InternVL3-2B_contrastive_20260301-194643,contrastive,1.0427794794527209e-06,0.1172947026857212,64.0,3,0.4006875477463713,0.4006875477463713,0.0,0.006698993839421308,True,3
nottuj5a,RVL-CDIP_InternVL3-2B_contrastive_20260301-204709,contrastive,4.954135880254803e-06,0.9937860644918362,64.0,3,0.32900432900432897,0.40399796282149225,0.07499363381716329,0.03062521420359205,False,3
vcv33mhj,RVL-CDIP_InternVL3-2B_triplet_20260301-214757,triplet,0.00026298498686588666,0.34148210913462973,64.0,3,0.4332824038706392,0.5179526355996944,0.08467023172905519,0.03487805839360768,False,3
12ymum0o,RVL-CDIP_InternVL3-2B_triplet_20260301-224834,triplet,0.00013443937022349417,0.6560374528591036,64.0,3,0.3615991851285969,0.3615991851285969,0.0,0.0674184339730897,True,3
oelr399q,RVL-CDIP_InternVL3-2B_triplet_20260301-234907,triplet,0.00024826383562159804,0.511047338721159,64.0,3,0.4690603514132926,0.4690603514132926,0.0,0.009334559933495204,True,3
b9hzmhck,RVL-CDIP_InternVL3-2B_triplet_20260302-004943,triplet,5.893175542715697e-06,0.47734790507735014,64.0,3,0.3158899923605806,0.3158899923605806,0.0,0.011095111994946512,True,3
8woalx61,RVL-CDIP_InternVL3-2B_triplet_20260302-015008,triplet,3.370623112175864e-06,0.42107303078398595,64.0,3,0.3354978354978355,0.3680926916221034,0.03259485612426788,0.015365362531513124,False,3
uurz7g8v,RVL-CDIP_InternVL3-2B_triplet_20260302-025033,triplet,1.355140990818075e-06,0.6249965190562696,64.0,3,0.34530175706646293,0.3647822765469825,0.019480519480519543,0.015957785434858065,False,3
ryfm5xkl,RVL-CDIP_InternVL3-2B_triplet_20260302-035057,triplet,6.295770667145465e-06,0.10067541809372008,64.0,3,0.3354978354978355,0.3680926916221034,0.03259485612426788,0.015365362531513124,False,3
linpp9ij,RVL-CDIP_InternVL3-2B_triplet_20260302-045123,triplet,1.1892968446378137e-06,0.2013867094080932,64.0,3,0.3582887700534759,0.3745861981156099,0.016297428062133967,0.0066989938394213045,False,3
08pelb09,RVL-CDIP_InternVL3-2B_triplet_20260302-055145,triplet,8.346926784655334e-06,0.2708789269457804,64.0,3,0.32900432900432897,0.34199134199134196,0.012987012987012991,0.009334559933495247,False,3
8ghrzzgi,RVL-CDIP_InternVL3-2B_triplet_20260302-065223,triplet,1.788187124274082e-05,0.10945481024645992,64.0,3,0.32900432900432897,0.32900432900432897,0.0,0.018426430848338032,False,3
7s100pyt,RVL-CDIP_InternVL3-2B_triplet_20260302-075245,triplet,1.1734150704713138e-06,0.9915346674345328,64.0,3,0.3517952635599695,0.3647822765469825,0.012987012987012991,0.0055268180058334485,False,3
gw44n0ju,RVL-CDIP_InternVL3-2B_triplet_20260302-085308,triplet,1.1709702633557632e-05,0.18754232045561345,64.0,3,0.29640947288006114,0.3680926916221034,0.07168321874204225,0.035421666069661024,False,3
at73omqs,RVL-CDIP_InternVL3-2B_triplet_20260302-095333,triplet,1.5351031105393288e-05,0.19816563168884815,64.0,3,0.2899159663865546,0.3354978354978355,0.045581869111280926,0.041284596165083044,False,3
8apyqq1l,RVL-CDIP_InternVL3-2B_triplet_20260302-105356,triplet,1.8816882775347102e-05,0.2335254178562441,64.0,3,0.2801120448179272,0.29640947288006114,0.016297428062133967,0.038216756392889455,False,3
sdsx3hyo,RVL-CDIP_InternVL3-2B_triplet_20260302-115421,triplet,2.4541845243974734e-05,0.27080601940371596,64.0,3,0.28660555131143367,0.30621339444868856,0.019607843137254888,0.04070871808190289,False,3
